"name","vars","timepoint","sim_time","paa","pow_int_V1","pow_V1_V1lag","pow_V1_V2lag","pow_V1_V3lag","pow_V1_V4lag","pow_V1_V5lag","pow_int_V2","pow_V2_V1lag","pow_V2_V2lag","pow_V2_V3lag","pow_V2_V4lag","pow_V2_V5lag","pow_int_V3","pow_V3_V1lag","pow_V3_V2lag","pow_V3_V3lag","pow_V3_V4lag","pow_V3_V5lag","pow_int_V4","pow_V4_V1lag","pow_V4_V2lag","pow_V4_V3lag","pow_V4_V4lag","pow_V4_V5lag","pow_int_V5","pow_V5_V1lag","pow_V5_V2lag","pow_V5_V3lag","pow_V5_V4lag","pow_V5_V5lag","pow_V1_V6lag","pow_V1_V7lag","pow_V2_V6lag","pow_V2_V7lag","pow_V3_V6lag","pow_V3_V7lag","pow_V4_V6lag","pow_V4_V7lag","pow_V5_V6lag","pow_V5_V7lag","pow_int_V6","pow_V6_V1lag","pow_V6_V2lag","pow_V6_V3lag","pow_V6_V4lag","pow_V6_V5lag","pow_V6_V6lag","pow_V6_V7lag","pow_int_V7","pow_V7_V1lag","pow_V7_V2lag","pow_V7_V3lag","pow_V7_V4lag","pow_V7_V5lag","pow_V7_V6lag","pow_V7_V7lag"
"bak2016_full",5,25,82.1,0,0.2848,0.056,0.0562,0.5156,0.3286,0.0528,0.4122,0.0792,0.057,0.4938,0.0916,0.059,0.1266,0.0786,0.0836,0.164,0.139,0.0802,0.169,0.0514,0.0584,0.7006,0.0464,0.0682,0.064,0.2378,0.0582,0.3226,0.0942,0.0524,NA,NA,NA,NA,NA,NA,NA,NA,NA,NA,NA,NA,NA,NA,NA,NA,NA,NA,NA,NA,NA,NA,NA,NA,NA,NA
"bak2016_full",5,50,83.69,4e-04,0.5402,0.1604,0.074,0.8946,0.7046,0.0458,0.7918,0.0984,0.107,0.8838,0.1436,0.0726,0.217,0.1,0.1502,0.5016,0.3012,0.1454,0.3442,0.0504,0.0686,0.9796,0.0826,0.1144,0.0774,0.5106,0.0576,0.693,0.1624,0.12,NA,NA,NA,NA,NA,NA,NA,NA,NA,NA,NA,NA,NA,NA,NA,NA,NA,NA,NA,NA,NA,NA,NA,NA,NA,NA
"bak2016_full",5,75,81.17,0.0062,0.7228,0.2738,0.082,0.975,0.8716,0.0544,0.939,0.1336,0.1806,0.9808,0.2172,0.0924,0.2878,0.134,0.2114,0.7452,0.4706,0.2064,0.4876,0.0576,0.0824,0.9988,0.1272,0.1622,0.0984,0.6952,0.0628,0.8816,0.2318,0.1964,NA,NA,NA,NA,NA,NA,NA,NA,NA,NA,NA,NA,NA,NA,NA,NA,NA,NA,NA,NA,NA,NA,NA,NA,NA,NA
"bak2016_full",5,100,80.98,0.0834,0.847,0.3782,0.0948,0.9966,0.9536,0.0542,0.9832,0.1648,0.2382,0.9962,0.2808,0.1086,0.333,0.1488,0.2602,0.8956,0.5986,0.2712,0.6188,0.0636,0.0796,1,0.1664,0.2156,0.11,0.8206,0.0646,0.958,0.3076,0.2682,NA,NA,NA,NA,NA,NA,NA,NA,NA,NA,NA,NA,NA,NA,NA,NA,NA,NA,NA,NA,NA,NA,NA,NA,NA,NA
"bak2016_full",5,125,82.05,0.2494,0.9162,0.469,0.105,0.9994,0.9834,0.0516,0.997,0.1858,0.2938,0.9998,0.3362,0.1144,0.4024,0.1718,0.32,0.9512,0.714,0.3284,0.7188,0.069,0.0904,1,0.2208,0.276,0.1154,0.8986,0.0668,0.9876,0.3856,0.3584,NA,NA,NA,NA,NA,NA,NA,NA,NA,NA,NA,NA,NA,NA,NA,NA,NA,NA,NA,NA,NA,NA,NA,NA,NA,NA
"bak2016_full",5,150,81.81,0.5438,0.953,0.5628,0.1124,1,0.9934,0.0566,0.9992,0.2202,0.354,1,0.398,0.1282,0.455,0.204,0.3736,0.9842,0.8048,0.3912,0.8046,0.0718,0.1014,1,0.2728,0.3376,0.1364,0.943,0.074,0.9956,0.4448,0.4092,NA,NA,NA,NA,NA,NA,NA,NA,NA,NA,NA,NA,NA,NA,NA,NA,NA,NA,NA,NA,NA,NA,NA,NA,NA,NA
"bak2016_full",5,175,81.04,0.8072,0.9768,0.6446,0.1222,1,0.9988,0.0536,1,0.2446,0.419,1,0.4468,0.1596,0.5216,0.2314,0.432,0.993,0.863,0.4538,0.8498,0.0758,0.1134,1,0.3214,0.3676,0.1502,0.9724,0.081,0.998,0.5066,0.4846,NA,NA,NA,NA,NA,NA,NA,NA,NA,NA,NA,NA,NA,NA,NA,NA,NA,NA,NA,NA,NA,NA,NA,NA,NA,NA
"bak2016_full",5,200,80.79,0.926,0.989,0.7058,0.1314,1,0.9992,0.0568,1,0.2874,0.4814,1,0.5052,0.168,0.5684,0.248,0.4836,0.9978,0.9042,0.502,0.9006,0.0812,0.1154,1,0.3732,0.4168,0.1622,0.9844,0.0898,0.9996,0.5646,0.5428,NA,NA,NA,NA,NA,NA,NA,NA,NA,NA,NA,NA,NA,NA,NA,NA,NA,NA,NA,NA,NA,NA,NA,NA,NA,NA
"bak2016_full",5,225,80.53,0.9636,0.9934,0.7638,0.1432,1,1,0.058,1,0.3052,0.5424,1,0.56,0.1964,0.6188,0.261,0.5214,0.9992,0.939,0.5584,0.9324,0.0918,0.132,1,0.4122,0.4768,0.1896,0.9928,0.088,1,0.634,0.596,NA,NA,NA,NA,NA,NA,NA,NA,NA,NA,NA,NA,NA,NA,NA,NA,NA,NA,NA,NA,NA,NA,NA,NA,NA,NA
"bak2016_full",5,250,80.93,0.9852,0.9966,0.8044,0.166,1,1,0.066,1,0.3322,0.5802,1,0.5922,0.2028,0.6594,0.2928,0.5798,0.9994,0.9572,0.6054,0.9536,0.096,0.1412,1,0.4506,0.5032,0.1998,0.9986,0.0998,1,0.663,0.6602,NA,NA,NA,NA,NA,NA,NA,NA,NA,NA,NA,NA,NA,NA,NA,NA,NA,NA,NA,NA,NA,NA,NA,NA,NA,NA
"bak2016_full",5,300,81.26,0.9988,0.9988,0.8884,0.1774,1,1,0.058,1,0.3758,0.6668,1,0.6742,0.2364,0.7376,0.3356,0.653,1,0.983,0.6914,0.9742,0.1198,0.1598,1,0.5548,0.6078,0.2216,0.9988,0.1082,1,0.7468,0.7502,NA,NA,NA,NA,NA,NA,NA,NA,NA,NA,NA,NA,NA,NA,NA,NA,NA,NA,NA,NA,NA,NA,NA,NA,NA,NA
"bak2016_full",5,400,80.85,1,0.9998,0.9518,0.2216,1,1,0.0672,1,0.5004,0.8002,1,0.7916,0.3082,0.853,0.4312,0.7864,1,0.9974,0.8108,0.9964,0.1428,0.1878,1,0.6682,0.7348,0.285,1,0.1238,1,0.862,0.8658,NA,NA,NA,NA,NA,NA,NA,NA,NA,NA,NA,NA,NA,NA,NA,NA,NA,NA,NA,NA,NA,NA,NA,NA,NA,NA
"bak2016_full",5,500,83.54,1,1,0.9848,0.2718,1,1,0.0748,1,0.5882,0.8766,1,0.8698,0.3774,0.9184,0.5144,0.8628,1,0.9996,0.8978,0.9992,0.1704,0.2332,1,0.7802,0.8282,0.347,1,0.1378,1,0.9212,0.9298,NA,NA,NA,NA,NA,NA,NA,NA,NA,NA,NA,NA,NA,NA,NA,NA,NA,NA,NA,NA,NA,NA,NA,NA,NA,NA
"bak2016_full_minus1se",5,25,82.99,0,0.3272,0.0424,0.0522,0.1858,0.1526,0.046,0.5068,0.0514,0.0444,0.2062,0.0498,0.0522,0.1328,0.0532,0.0492,0.058,0.05,0.0532,0.195,0.0484,0.046,0.3928,0.0464,0.0512,0.0612,0.0862,0.0506,0.116,0.0486,0.0424,NA,NA,NA,NA,NA,NA,NA,NA,NA,NA,NA,NA,NA,NA,NA,NA,NA,NA,NA,NA,NA,NA,NA,NA,NA,NA
"bak2016_full_minus1se",5,50,81.7,4e-04,0.627,0.0472,0.0542,0.4086,0.2868,0.0462,0.8716,0.0498,0.045,0.424,0.054,0.0484,0.23,0.0536,0.0548,0.117,0.0704,0.0456,0.3968,0.0454,0.0482,0.7588,0.0526,0.0578,0.0808,0.1386,0.0482,0.2076,0.0492,0.0464,NA,NA,NA,NA,NA,NA,NA,NA,NA,NA,NA,NA,NA,NA,NA,NA,NA,NA,NA,NA,NA,NA,NA,NA,NA,NA
"bak2016_full_minus1se",5,75,81.66,0.0182,0.817,0.053,0.0468,0.5686,0.4294,0.0516,0.9706,0.046,0.0464,0.6106,0.0468,0.05,0.3046,0.0496,0.0522,0.1598,0.087,0.0504,0.5694,0.0514,0.0544,0.9236,0.0548,0.0444,0.0984,0.2008,0.055,0.2988,0.051,0.0514,NA,NA,NA,NA,NA,NA,NA,NA,NA,NA,NA,NA,NA,NA,NA,NA,NA,NA,NA,NA,NA,NA,NA,NA,NA,NA
"bak2016_full_minus1se",5,100,81.87,0.095,0.9142,0.052,0.0504,0.703,0.5408,0.0498,0.9956,0.05,0.05,0.7424,0.0472,0.0514,0.3894,0.0488,0.0486,0.241,0.1152,0.0526,0.7122,0.05,0.0508,0.9778,0.052,0.0512,0.1268,0.2376,0.0524,0.4022,0.0502,0.0444,NA,NA,NA,NA,NA,NA,NA,NA,NA,NA,NA,NA,NA,NA,NA,NA,NA,NA,NA,NA,NA,NA,NA,NA,NA,NA
"bak2016_full_minus1se",5,125,82.19,0.4062,0.9636,0.0574,0.0446,0.7986,0.647,0.047,0.9982,0.051,0.051,0.8382,0.048,0.0558,0.462,0.049,0.0478,0.3012,0.1316,0.0494,0.802,0.0532,0.0504,0.993,0.046,0.0514,0.1348,0.2818,0.0504,0.4896,0.0444,0.0438,NA,NA,NA,NA,NA,NA,NA,NA,NA,NA,NA,NA,NA,NA,NA,NA,NA,NA,NA,NA,NA,NA,NA,NA,NA,NA
"bak2016_full_minus1se",5,150,81.77,0.652,0.9846,0.0576,0.0474,0.8736,0.736,0.046,1,0.0458,0.0456,0.9042,0.0564,0.0532,0.5356,0.0518,0.0556,0.3586,0.1598,0.047,0.8736,0.0514,0.0496,0.9996,0.0486,0.0512,0.1602,0.3432,0.0548,0.5698,0.0496,0.047,NA,NA,NA,NA,NA,NA,NA,NA,NA,NA,NA,NA,NA,NA,NA,NA,NA,NA,NA,NA,NA,NA,NA,NA,NA,NA
"bak2016_full_minus1se",5,175,81.59,0.7062,0.993,0.0648,0.0504,0.916,0.8098,0.0518,1,0.0532,0.053,0.936,0.0462,0.0454,0.6034,0.0472,0.0488,0.4428,0.1672,0.0502,0.922,0.0482,0.0534,0.9994,0.0418,0.052,0.1736,0.3984,0.0506,0.6466,0.0526,0.0426,NA,NA,NA,NA,NA,NA,NA,NA,NA,NA,NA,NA,NA,NA,NA,NA,NA,NA,NA,NA,NA,NA,NA,NA,NA,NA
"bak2016_full_minus1se",5,200,80.89,0.9558,0.9956,0.0672,0.0544,0.9512,0.8506,0.051,1,0.0576,0.0452,0.9708,0.0464,0.0448,0.6584,0.0542,0.05,0.4648,0.1912,0.05,0.9512,0.0534,0.0538,0.9996,0.0536,0.0504,0.1894,0.4346,0.0468,0.6876,0.0504,0.0476,NA,NA,NA,NA,NA,NA,NA,NA,NA,NA,NA,NA,NA,NA,NA,NA,NA,NA,NA,NA,NA,NA,NA,NA,NA,NA
"bak2016_full_minus1se",5,225,80.72,0.9806,0.9996,0.0682,0.0472,0.9702,0.8892,0.0468,1,0.05,0.0426,0.9806,0.0504,0.0508,0.7148,0.0448,0.0412,0.5346,0.2042,0.0502,0.9728,0.0472,0.0472,1,0.048,0.0506,0.225,0.4866,0.0514,0.7306,0.0472,0.045,NA,NA,NA,NA,NA,NA,NA,NA,NA,NA,NA,NA,NA,NA,NA,NA,NA,NA,NA,NA,NA,NA,NA,NA,NA,NA
"bak2016_full_minus1se",5,250,82.12,0.9888,0.9996,0.068,0.0466,0.9784,0.9236,0.0498,1,0.045,0.0486,0.9874,0.0484,0.0446,0.7714,0.0506,0.043,0.5582,0.2308,0.0524,0.9832,0.0504,0.0484,1,0.0424,0.0458,0.2322,0.539,0.0478,0.7886,0.0482,0.0466,NA,NA,NA,NA,NA,NA,NA,NA,NA,NA,NA,NA,NA,NA,NA,NA,NA,NA,NA,NA,NA,NA,NA,NA,NA,NA
"bak2016_full_minus1se",5,300,82.07,0.999,1,0.0736,0.0486,0.993,0.9584,0.0524,1,0.0486,0.05,0.996,0.0506,0.0518,0.8206,0.0492,0.051,0.6632,0.263,0.0484,0.9946,0.048,0.0466,1,0.043,0.0484,0.2692,0.6274,0.051,0.8638,0.0478,0.0518,NA,NA,NA,NA,NA,NA,NA,NA,NA,NA,NA,NA,NA,NA,NA,NA,NA,NA,NA,NA,NA,NA,NA,NA,NA,NA
"bak2016_full_minus1se",5,400,82.14,1,1,0.089,0.048,0.9998,0.99,0.0506,1,0.0536,0.0526,1,0.047,0.0538,0.917,0.0484,0.049,0.7946,0.3632,0.051,0.9994,0.0482,0.0496,1,0.0518,0.0498,0.3572,0.7414,0.051,0.9372,0.0536,0.0498,NA,NA,NA,NA,NA,NA,NA,NA,NA,NA,NA,NA,NA,NA,NA,NA,NA,NA,NA,NA,NA,NA,NA,NA,NA,NA
"bak2016_full_minus1se",5,500,83.92,1,1,0.0994,0.0486,1,0.9978,0.0544,1,0.0572,0.053,0.9998,0.052,0.0542,0.96,0.051,0.0522,0.8764,0.432,0.055,1,0.0534,0.0554,1,0.0532,0.0514,0.4202,0.8336,0.0542,0.9756,0.0562,0.0556,NA,NA,NA,NA,NA,NA,NA,NA,NA,NA,NA,NA,NA,NA,NA,NA,NA,NA,NA,NA,NA,NA,NA,NA,NA,NA
"bak2016_full_plus1se",5,25,82.73,0,0.2678,0.2746,0.1826,0.965,0.8216,0.2042,0.4388,0.2746,0.1346,0.9494,0.308,0.2878,0.1362,0.2662,0.2256,0.8054,0.6412,0.3238,0.2006,0.1778,0.1242,0.9808,0.2434,0.3732,0.0654,0.772,0.1914,0.8666,0.3462,0.2434,NA,NA,NA,NA,NA,NA,NA,NA,NA,NA,NA,NA,NA,NA,NA,NA,NA,NA,NA,NA,NA,NA,NA,NA,NA,NA
"bak2016_full_plus1se",5,50,81.55,8e-04,0.5356,0.717,0.3336,1,0.9966,0.401,0.8496,0.5508,0.4106,1,0.7506,0.5774,0.196,0.5188,0.4768,0.9974,0.9578,0.6884,0.3946,0.389,0.2714,1,0.6962,0.728,0.0664,0.985,0.3294,0.9974,0.7792,0.6578,NA,NA,NA,NA,NA,NA,NA,NA,NA,NA,NA,NA,NA,NA,NA,NA,NA,NA,NA,NA,NA,NA,NA,NA,NA,NA
"bak2016_full_plus1se",5,75,81.12,0.0106,0.7442,0.914,0.477,1,1,0.5466,0.9672,0.7374,0.6462,1,0.9338,0.7606,0.2614,0.719,0.697,1,0.9958,0.8874,0.5362,0.55,0.4076,1,0.9192,0.8872,0.0828,0.9982,0.4356,1,0.9424,0.888,NA,NA,NA,NA,NA,NA,NA,NA,NA,NA,NA,NA,NA,NA,NA,NA,NA,NA,NA,NA,NA,NA,NA,NA,NA,NA
"bak2016_full_plus1se",5,100,81.85,0.0984,0.854,0.9732,0.583,1,1,0.6758,0.9952,0.8626,0.7868,1,0.9834,0.8678,0.3264,0.8432,0.8312,1,0.9998,0.9616,0.6606,0.6954,0.543,1,0.978,0.9584,0.0956,1,0.5486,1,0.9918,0.9648,NA,NA,NA,NA,NA,NA,NA,NA,NA,NA,NA,NA,NA,NA,NA,NA,NA,NA,NA,NA,NA,NA,NA,NA,NA,NA
"bak2016_full_plus1se",5,125,81.58,0.2354,0.924,0.9952,0.6842,1,1,0.774,0.998,0.9254,0.892,1,0.9966,0.9284,0.3922,0.9084,0.9074,1,1,0.9882,0.7602,0.8032,0.6432,1,0.9954,0.9844,0.12,1,0.6276,1,0.9974,0.992,NA,NA,NA,NA,NA,NA,NA,NA,NA,NA,NA,NA,NA,NA,NA,NA,NA,NA,NA,NA,NA,NA,NA,NA,NA,NA
"bak2016_full_plus1se",5,150,81.25,0.4328,0.9632,0.9986,0.7734,1,1,0.827,1,0.9636,0.9476,1,0.9998,0.9628,0.455,0.9534,0.9478,1,1,0.996,0.8354,0.8634,0.7416,1,0.9984,0.995,0.1274,1,0.713,1,0.9994,0.9962,NA,NA,NA,NA,NA,NA,NA,NA,NA,NA,NA,NA,NA,NA,NA,NA,NA,NA,NA,NA,NA,NA,NA,NA,NA,NA
"bak2016_full_plus1se",5,175,80.54,0.7112,0.9806,0.9996,0.8294,1,1,0.8908,1,0.983,0.9712,1,1,0.983,0.5138,0.9784,0.9748,1,1,0.9984,0.8834,0.9102,0.808,1,0.9998,0.9986,0.149,1,0.772,1,1,0.9994,NA,NA,NA,NA,NA,NA,NA,NA,NA,NA,NA,NA,NA,NA,NA,NA,NA,NA,NA,NA,NA,NA,NA,NA,NA,NA
"bak2016_full_plus1se",5,200,80.92,0.8092,0.9918,1,0.8756,1,1,0.9222,1,0.991,0.983,1,1,0.9922,0.5744,0.987,0.984,1,1,0.9996,0.9234,0.949,0.8508,1,0.9996,0.9998,0.1698,1,0.818,1,1,0.9998,NA,NA,NA,NA,NA,NA,NA,NA,NA,NA,NA,NA,NA,NA,NA,NA,NA,NA,NA,NA,NA,NA,NA,NA,NA,NA
"bak2016_full_plus1se",5,225,80.52,0.8968,0.9948,1,0.9168,1,1,0.9536,1,0.9972,0.993,1,1,0.9956,0.62,0.9914,0.993,1,1,0.9996,0.952,0.9698,0.9012,1,1,0.9996,0.1798,1,0.8654,1,1,1,NA,NA,NA,NA,NA,NA,NA,NA,NA,NA,NA,NA,NA,NA,NA,NA,NA,NA,NA,NA,NA,NA,NA,NA,NA,NA
"bak2016_full_plus1se",5,250,80.82,0.9444,0.998,1,0.939,1,1,0.9692,1,0.9974,0.9958,1,1,0.997,0.6836,0.9984,0.997,1,1,1,0.9668,0.9794,0.921,1,1,1,0.2002,1,0.893,1,1,1,NA,NA,NA,NA,NA,NA,NA,NA,NA,NA,NA,NA,NA,NA,NA,NA,NA,NA,NA,NA,NA,NA,NA,NA,NA,NA
"bak2016_full_plus1se",5,300,81.6,0.9916,0.9994,1,0.9654,1,1,0.987,1,1,0.9994,1,1,0.9996,0.7572,0.999,0.9994,1,1,1,0.9858,0.993,0.9642,1,1,1,0.239,1,0.942,1,1,1,NA,NA,NA,NA,NA,NA,NA,NA,NA,NA,NA,NA,NA,NA,NA,NA,NA,NA,NA,NA,NA,NA,NA,NA,NA,NA
"bak2016_full_plus1se",5,400,81.68,0.9988,1,1,0.9922,1,1,0.9984,1,0.9998,1,1,1,1,0.8608,1,1,1,1,1,0.9976,0.9986,0.9924,1,1,1,0.2832,1,0.9826,1,1,1,NA,NA,NA,NA,NA,NA,NA,NA,NA,NA,NA,NA,NA,NA,NA,NA,NA,NA,NA,NA,NA,NA,NA,NA,NA,NA
"bak2016_full_plus1se",5,500,84.33,0.9998,1,1,0.999,1,1,0.9996,1,1,1,1,1,1,0.924,1,1,1,1,1,0.9998,1,0.9984,1,1,1,0.357,1,0.9952,1,1,1,NA,NA,NA,NA,NA,NA,NA,NA,NA,NA,NA,NA,NA,NA,NA,NA,NA,NA,NA,NA,NA,NA,NA,NA,NA,NA
"bak2016_relapse",5,25,81.62,0,0.4318,0.04,0.171,0.2188,0.0628,0.056,0.4084,0.2004,0.243,0.0974,0.053,0.1618,0.1824,0.134,0.1154,0.0696,0.0722,0.0856,0.5698,0.0742,0.0494,0.5188,0.0434,0.0638,0.1522,0.0754,0.086,0.1824,0.0538,0.046,NA,NA,NA,NA,NA,NA,NA,NA,NA,NA,NA,NA,NA,NA,NA,NA,NA,NA,NA,NA,NA,NA,NA,NA,NA,NA
"bak2016_relapse",5,50,83.31,2e-04,0.7714,0.052,0.3052,0.4664,0.0694,0.0606,0.7766,0.403,0.5818,0.1756,0.0572,0.2966,0.3206,0.279,0.184,0.1384,0.1284,0.1486,0.9128,0.116,0.0578,0.8908,0.0544,0.0862,0.2776,0.1202,0.1274,0.3352,0.0512,0.0478,NA,NA,NA,NA,NA,NA,NA,NA,NA,NA,NA,NA,NA,NA,NA,NA,NA,NA,NA,NA,NA,NA,NA,NA,NA,NA
"bak2016_relapse",5,75,84.46,0.003,0.914,0.0614,0.4162,0.6772,0.0824,0.0768,0.9272,0.5626,0.7954,0.2568,0.0702,0.448,0.4336,0.42,0.2602,0.2402,0.1804,0.2062,0.9856,0.1572,0.067,0.9808,0.0676,0.1102,0.3862,0.1702,0.1612,0.4876,0.056,0.0494,NA,NA,NA,NA,NA,NA,NA,NA,NA,NA,NA,NA,NA,NA,NA,NA,NA,NA,NA,NA,NA,NA,NA,NA,NA,NA
"bak2016_relapse",5,100,81.82,0.1622,0.969,0.074,0.5304,0.8106,0.0992,0.0832,0.9808,0.7002,0.9086,0.3364,0.0646,0.545,0.5464,0.534,0.3444,0.3414,0.232,0.2476,0.9976,0.2024,0.0708,0.9976,0.0806,0.1364,0.484,0.2122,0.1866,0.614,0.0492,0.0584,NA,NA,NA,NA,NA,NA,NA,NA,NA,NA,NA,NA,NA,NA,NA,NA,NA,NA,NA,NA,NA,NA,NA,NA,NA,NA
"bak2016_relapse",5,125,82.25,0.2256,0.9942,0.0812,0.6314,0.8958,0.1138,0.0876,0.9936,0.8038,0.963,0.4292,0.0764,0.64,0.6606,0.6224,0.4308,0.4308,0.2834,0.2988,0.9996,0.243,0.0768,0.9998,0.0948,0.1694,0.5856,0.2568,0.2236,0.6992,0.056,0.0636,NA,NA,NA,NA,NA,NA,NA,NA,NA,NA,NA,NA,NA,NA,NA,NA,NA,NA,NA,NA,NA,NA,NA,NA,NA,NA
"bak2016_relapse",5,150,81.03,0.6586,0.9976,0.0988,0.7006,0.9398,0.1202,0.102,0.9984,0.8654,0.9834,0.5046,0.0778,0.7222,0.7218,0.7384,0.4904,0.5018,0.347,0.3502,1,0.277,0.0836,0.9996,0.1092,0.1862,0.6714,0.3048,0.2602,0.794,0.0564,0.0702,NA,NA,NA,NA,NA,NA,NA,NA,NA,NA,NA,NA,NA,NA,NA,NA,NA,NA,NA,NA,NA,NA,NA,NA,NA,NA
"bak2016_relapse",5,175,82.72,0.7422,0.9996,0.113,0.7594,0.9672,0.1346,0.1064,0.9998,0.9054,0.9954,0.5624,0.09,0.797,0.78,0.7846,0.5386,0.5934,0.4032,0.4048,1,0.319,0.0852,1,0.1358,0.2168,0.7214,0.3396,0.291,0.852,0.0538,0.068,NA,NA,NA,NA,NA,NA,NA,NA,NA,NA,NA,NA,NA,NA,NA,NA,NA,NA,NA,NA,NA,NA,NA,NA,NA,NA
"bak2016_relapse",5,200,82.55,0.9412,1,0.1204,0.8086,0.9846,0.1432,0.1128,1,0.9434,0.9958,0.632,0.0874,0.8488,0.8316,0.833,0.6088,0.6488,0.4516,0.4426,1,0.3474,0.1042,1,0.1358,0.2444,0.7818,0.3844,0.3236,0.8988,0.05,0.0756,NA,NA,NA,NA,NA,NA,NA,NA,NA,NA,NA,NA,NA,NA,NA,NA,NA,NA,NA,NA,NA,NA,NA,NA,NA,NA
"bak2016_relapse",5,225,80.29,0.9742,0.9998,0.145,0.8688,0.992,0.16,0.1368,1,0.966,0.9994,0.6936,0.0954,0.8842,0.8804,0.8844,0.6608,0.708,0.51,0.5104,1,0.3892,0.103,1,0.175,0.2702,0.8238,0.4272,0.3452,0.9268,0.0538,0.0794,NA,NA,NA,NA,NA,NA,NA,NA,NA,NA,NA,NA,NA,NA,NA,NA,NA,NA,NA,NA,NA,NA,NA,NA,NA,NA
"bak2016_relapse",5,250,80.64,0.995,1,0.1536,0.895,0.9954,0.18,0.1302,1,0.981,0.9998,0.73,0.0966,0.9114,0.9128,0.9136,0.7106,0.7526,0.5418,0.5368,1,0.431,0.1116,1,0.1858,0.2976,0.8718,0.46,0.3814,0.945,0.0552,0.0826,NA,NA,NA,NA,NA,NA,NA,NA,NA,NA,NA,NA,NA,NA,NA,NA,NA,NA,NA,NA,NA,NA,NA,NA,NA,NA
"bak2016_relapse",5,300,81.72,0.9982,1,0.171,0.9466,0.9992,0.1994,0.1452,1,0.9934,1,0.818,0.1114,0.9564,0.9496,0.9494,0.7714,0.8316,0.634,0.6148,1,0.5048,0.1252,1,0.2154,0.3388,0.9242,0.5408,0.4524,0.9776,0.0638,0.1002,NA,NA,NA,NA,NA,NA,NA,NA,NA,NA,NA,NA,NA,NA,NA,NA,NA,NA,NA,NA,NA,NA,NA,NA,NA,NA
"bak2016_relapse",5,400,81.99,1,1,0.2222,0.9822,1,0.2494,0.1818,1,0.9996,1,0.9076,0.1326,0.9902,0.9848,0.9888,0.8802,0.9316,0.7546,0.7366,1,0.614,0.1542,1,0.2914,0.4492,0.9766,0.6682,0.5498,0.9964,0.0576,0.1176,NA,NA,NA,NA,NA,NA,NA,NA,NA,NA,NA,NA,NA,NA,NA,NA,NA,NA,NA,NA,NA,NA,NA,NA,NA,NA
"bak2016_relapse",5,500,84.4,1,1,0.2634,0.995,1,0.3126,0.1992,1,1,1,0.9608,0.1526,0.9972,0.9962,0.9972,0.9398,0.9768,0.8508,0.8408,1,0.7142,0.1798,1,0.3602,0.5318,0.9922,0.7684,0.6518,0.9994,0.063,0.1362,NA,NA,NA,NA,NA,NA,NA,NA,NA,NA,NA,NA,NA,NA,NA,NA,NA,NA,NA,NA,NA,NA,NA,NA,NA,NA
"bak2016_relapse_minus1se",5,25,86.36,0,0.4674,0.0482,0.0672,0.0994,0.052,0.0468,0.465,0.0936,0.092,0.056,0.0518,0.061,0.1824,0.0666,0.051,0.0398,0.0488,0.0504,0.609,0.0526,0.0512,0.3248,0.0482,0.0444,0.1576,0.0544,0.052,0.0734,0.0508,0.0464,NA,NA,NA,NA,NA,NA,NA,NA,NA,NA,NA,NA,NA,NA,NA,NA,NA,NA,NA,NA,NA,NA,NA,NA,NA,NA
"bak2016_relapse_minus1se",5,50,81.51,2e-04,0.8078,0.048,0.0846,0.1988,0.0488,0.0514,0.8222,0.1626,0.251,0.0534,0.0482,0.077,0.3296,0.1018,0.0588,0.0518,0.0528,0.0484,0.9322,0.0498,0.053,0.6632,0.0514,0.0496,0.294,0.0486,0.0528,0.105,0.0548,0.0492,NA,NA,NA,NA,NA,NA,NA,NA,NA,NA,NA,NA,NA,NA,NA,NA,NA,NA,NA,NA,NA,NA,NA,NA,NA,NA
"bak2016_relapse_minus1se",5,75,81.43,0.009,0.943,0.0526,0.1006,0.2846,0.052,0.0524,0.9534,0.2292,0.391,0.0622,0.0488,0.0942,0.4732,0.1316,0.0628,0.0598,0.0456,0.0428,0.993,0.0454,0.0572,0.8578,0.0462,0.0466,0.4388,0.057,0.0494,0.134,0.0504,0.0484,NA,NA,NA,NA,NA,NA,NA,NA,NA,NA,NA,NA,NA,NA,NA,NA,NA,NA,NA,NA,NA,NA,NA,NA,NA,NA
"bak2016_relapse_minus1se",5,100,81.54,0.0822,0.9844,0.0532,0.1146,0.3562,0.052,0.0484,0.9882,0.295,0.5186,0.0712,0.0522,0.11,0.584,0.1606,0.0622,0.065,0.0538,0.0544,0.9992,0.047,0.045,0.9426,0.0522,0.049,0.5256,0.0462,0.0496,0.166,0.0588,0.052,NA,NA,NA,NA,NA,NA,NA,NA,NA,NA,NA,NA,NA,NA,NA,NA,NA,NA,NA,NA,NA,NA,NA,NA,NA,NA
"bak2016_relapse_minus1se",5,125,81.12,0.283,0.996,0.0476,0.1296,0.4396,0.0474,0.0492,0.997,0.3442,0.6488,0.074,0.0492,0.1386,0.6916,0.192,0.0684,0.0696,0.053,0.0536,1,0.0498,0.0532,0.9748,0.0504,0.0486,0.628,0.0526,0.0498,0.2046,0.0474,0.05,NA,NA,NA,NA,NA,NA,NA,NA,NA,NA,NA,NA,NA,NA,NA,NA,NA,NA,NA,NA,NA,NA,NA,NA,NA,NA
"bak2016_relapse_minus1se",5,150,81.61,0.6072,0.9988,0.0518,0.1486,0.518,0.0498,0.0536,0.9996,0.419,0.7258,0.0794,0.0508,0.1448,0.7576,0.2282,0.0726,0.082,0.057,0.055,1,0.0488,0.0522,0.9888,0.0552,0.0522,0.699,0.0502,0.0486,0.234,0.049,0.0494,NA,NA,NA,NA,NA,NA,NA,NA,NA,NA,NA,NA,NA,NA,NA,NA,NA,NA,NA,NA,NA,NA,NA,NA,NA,NA
"bak2016_relapse_minus1se",5,175,81.17,0.8858,0.9998,0.0496,0.1734,0.5916,0.047,0.051,1,0.4806,0.8,0.0912,0.0524,0.1582,0.828,0.2544,0.0756,0.0944,0.0598,0.0568,1,0.0524,0.0484,0.996,0.051,0.052,0.7796,0.0514,0.0464,0.264,0.0466,0.056,NA,NA,NA,NA,NA,NA,NA,NA,NA,NA,NA,NA,NA,NA,NA,NA,NA,NA,NA,NA,NA,NA,NA,NA,NA,NA
"bak2016_relapse_minus1se",5,200,81.49,0.9476,1,0.0488,0.1788,0.6512,0.0478,0.0532,1,0.5252,0.8448,0.089,0.0488,0.1824,0.8688,0.2862,0.0796,0.0956,0.0594,0.052,1,0.0472,0.0474,0.999,0.042,0.0502,0.8364,0.0488,0.047,0.306,0.0486,0.0532,NA,NA,NA,NA,NA,NA,NA,NA,NA,NA,NA,NA,NA,NA,NA,NA,NA,NA,NA,NA,NA,NA,NA,NA,NA,NA
"bak2016_relapse_minus1se",5,225,81.1,0.9154,1,0.0518,0.2088,0.7008,0.0564,0.0582,1,0.5796,0.882,0.0964,0.051,0.1946,0.911,0.3148,0.0852,0.1106,0.06,0.0492,1,0.0486,0.0526,0.9998,0.0484,0.0458,0.8776,0.0506,0.0492,0.3404,0.0506,0.0498,NA,NA,NA,NA,NA,NA,NA,NA,NA,NA,NA,NA,NA,NA,NA,NA,NA,NA,NA,NA,NA,NA,NA,NA,NA,NA
"bak2016_relapse_minus1se",5,250,81.56,0.9962,1,0.0482,0.212,0.7406,0.0522,0.0444,1,0.6126,0.9184,0.108,0.0518,0.2202,0.9274,0.3454,0.0902,0.1192,0.0626,0.05,1,0.051,0.0492,0.9998,0.0504,0.047,0.912,0.0468,0.0508,0.3678,0.0512,0.0504,NA,NA,NA,NA,NA,NA,NA,NA,NA,NA,NA,NA,NA,NA,NA,NA,NA,NA,NA,NA,NA,NA,NA,NA,NA,NA
"bak2016_relapse_minus1se",5,300,81.94,0.9996,1,0.0482,0.2522,0.8292,0.0494,0.0472,1,0.707,0.9596,0.117,0.046,0.2528,0.9714,0.418,0.0878,0.1284,0.0724,0.0488,1,0.052,0.053,1,0.0436,0.0468,0.9552,0.0446,0.0508,0.4338,0.052,0.0446,NA,NA,NA,NA,NA,NA,NA,NA,NA,NA,NA,NA,NA,NA,NA,NA,NA,NA,NA,NA,NA,NA,NA,NA,NA,NA
"bak2016_relapse_minus1se",5,400,82.71,1,1,0.0506,0.3174,0.9234,0.049,0.0526,1,0.8286,0.9908,0.142,0.052,0.3146,0.992,0.5244,0.1018,0.1614,0.071,0.0482,1,0.0524,0.0468,1,0.0536,0.0524,0.9878,0.05,0.0518,0.5442,0.0526,0.05,NA,NA,NA,NA,NA,NA,NA,NA,NA,NA,NA,NA,NA,NA,NA,NA,NA,NA,NA,NA,NA,NA,NA,NA,NA,NA
"bak2016_relapse_minus1se",5,500,84.39,1,1,0.0538,0.3756,0.9652,0.0526,0.0506,1,0.896,0.9986,0.1678,0.0474,0.396,0.9988,0.6222,0.118,0.198,0.0766,0.0516,1,0.0488,0.0444,1,0.0532,0.0554,0.9968,0.0548,0.0422,0.646,0.0442,0.0462,NA,NA,NA,NA,NA,NA,NA,NA,NA,NA,NA,NA,NA,NA,NA,NA,NA,NA,NA,NA,NA,NA,NA,NA,NA,NA
"bak2016_relapse_plus1se",5,25,80.83,0,0.4214,0.0676,0.4284,0.4568,0.1352,0.119,0.4466,0.3382,0.5436,0.2418,0.1306,0.4186,0.1872,0.288,0.3118,0.172,0.1558,0.2326,0.6144,0.1524,0.1266,0.7448,0.0666,0.1848,0.128,0.177,0.1994,0.3692,0.093,0.092,NA,NA,NA,NA,NA,NA,NA,NA,NA,NA,NA,NA,NA,NA,NA,NA,NA,NA,NA,NA,NA,NA,NA,NA,NA,NA
"bak2016_relapse_plus1se",5,50,81.67,0,0.7674,0.1562,0.7452,0.817,0.2522,0.2676,0.784,0.6608,0.9296,0.4954,0.222,0.7642,0.315,0.5796,0.6022,0.4482,0.3752,0.4994,0.9284,0.3072,0.2466,0.9844,0.1838,0.4004,0.2366,0.345,0.4208,0.6978,0.1646,0.2202,NA,NA,NA,NA,NA,NA,NA,NA,NA,NA,NA,NA,NA,NA,NA,NA,NA,NA,NA,NA,NA,NA,NA,NA,NA,NA
"bak2016_relapse_plus1se",5,75,80.78,0.0122,0.9226,0.2406,0.9054,0.9436,0.373,0.4054,0.938,0.8558,0.9934,0.685,0.3114,0.9002,0.451,0.7626,0.7964,0.6762,0.5854,0.6972,0.99,0.4708,0.3776,0.9992,0.3106,0.5696,0.3562,0.4914,0.6036,0.8702,0.234,0.3334,NA,NA,NA,NA,NA,NA,NA,NA,NA,NA,NA,NA,NA,NA,NA,NA,NA,NA,NA,NA,NA,NA,NA,NA,NA,NA
"bak2016_relapse_plus1se",5,100,81.29,0.1224,0.9788,0.3284,0.9744,0.9882,0.4864,0.512,0.9824,0.939,0.9986,0.8252,0.3854,0.9728,0.5632,0.884,0.9048,0.8214,0.721,0.832,0.9982,0.5844,0.484,1,0.4362,0.6982,0.4752,0.6284,0.7252,0.947,0.2776,0.4464,NA,NA,NA,NA,NA,NA,NA,NA,NA,NA,NA,NA,NA,NA,NA,NA,NA,NA,NA,NA,NA,NA,NA,NA,NA,NA
"bak2016_relapse_plus1se",5,125,80.92,0.2552,0.9944,0.4174,0.9916,0.9958,0.5738,0.6242,0.9952,0.9814,1,0.9022,0.4632,0.9926,0.6576,0.945,0.9532,0.9172,0.8288,0.9026,0.9994,0.6952,0.5852,1,0.5552,0.8038,0.5718,0.7164,0.8216,0.981,0.3468,0.5498,NA,NA,NA,NA,NA,NA,NA,NA,NA,NA,NA,NA,NA,NA,NA,NA,NA,NA,NA,NA,NA,NA,NA,NA,NA,NA
"bak2016_relapse_plus1se",5,150,81.62,0.6194,0.9982,0.5094,0.9964,0.9988,0.655,0.7284,0.9986,0.993,1,0.946,0.5578,0.9964,0.7416,0.9738,0.98,0.9618,0.8932,0.951,1,0.7626,0.673,1,0.6278,0.8758,0.657,0.8018,0.8944,0.9926,0.3974,0.649,NA,NA,NA,NA,NA,NA,NA,NA,NA,NA,NA,NA,NA,NA,NA,NA,NA,NA,NA,NA,NA,NA,NA,NA,NA,NA
"bak2016_relapse_plus1se",5,175,81.66,0.8094,0.9996,0.5752,0.9988,1,0.733,0.7808,1,0.9978,1,0.9718,0.6186,0.9992,0.8022,0.9894,0.9932,0.9834,0.9362,0.9696,1,0.8358,0.732,1,0.7046,0.917,0.722,0.8552,0.939,0.9978,0.464,0.7264,NA,NA,NA,NA,NA,NA,NA,NA,NA,NA,NA,NA,NA,NA,NA,NA,NA,NA,NA,NA,NA,NA,NA,NA,NA,NA
"bak2016_relapse_plus1se",5,200,80.66,0.9334,0.9998,0.6528,0.9996,1,0.7944,0.835,1,0.9996,1,0.9846,0.6786,1,0.8576,0.9944,0.9954,0.9878,0.964,0.9874,1,0.887,0.8042,1,0.7946,0.9492,0.7798,0.9022,0.9612,0.999,0.5084,0.783,NA,NA,NA,NA,NA,NA,NA,NA,NA,NA,NA,NA,NA,NA,NA,NA,NA,NA,NA,NA,NA,NA,NA,NA,NA,NA
"bak2016_relapse_plus1se",5,225,81.09,0.9828,1,0.7028,1,1,0.8336,0.8846,1,1,1,0.9946,0.7318,0.9998,0.8848,0.9982,0.9984,0.9954,0.978,0.9954,1,0.9122,0.8496,1,0.8356,0.9666,0.824,0.935,0.9786,1,0.5568,0.8296,NA,NA,NA,NA,NA,NA,NA,NA,NA,NA,NA,NA,NA,NA,NA,NA,NA,NA,NA,NA,NA,NA,NA,NA,NA,NA
"bak2016_relapse_plus1se",5,250,80.97,0.9924,1,0.7458,0.9998,1,0.874,0.9204,1,0.9998,1,0.9976,0.7746,1,0.918,0.9994,0.9988,0.9986,0.9908,0.998,1,0.942,0.8836,1,0.8878,0.9774,0.8678,0.954,0.9842,0.9996,0.5988,0.8616,NA,NA,NA,NA,NA,NA,NA,NA,NA,NA,NA,NA,NA,NA,NA,NA,NA,NA,NA,NA,NA,NA,NA,NA,NA,NA
"bak2016_relapse_plus1se",5,300,82.9,0.9994,1,0.8368,1,1,0.9266,0.9548,1,1,1,0.9998,0.8378,1,0.9554,1,1,0.9994,0.9954,0.9996,1,0.9722,0.9354,1,0.9292,0.9932,0.9196,0.9818,0.9954,1,0.6916,0.925,NA,NA,NA,NA,NA,NA,NA,NA,NA,NA,NA,NA,NA,NA,NA,NA,NA,NA,NA,NA,NA,NA,NA,NA,NA,NA
"bak2016_relapse_plus1se",5,400,82.08,1,1,0.9288,1,1,0.9754,0.9874,1,1,1,1,0.932,1,0.9882,1,1,1,0.9994,0.9998,1,0.9948,0.9812,1,0.9808,0.9986,0.9772,0.9954,0.9996,1,0.7966,0.9786,NA,NA,NA,NA,NA,NA,NA,NA,NA,NA,NA,NA,NA,NA,NA,NA,NA,NA,NA,NA,NA,NA,NA,NA,NA,NA
"bak2016_relapse_plus1se",5,500,85.37,1,1,0.9668,1,1,0.9904,0.9972,1,1,1,1,0.971,1,0.997,1,1,1,1,1,1,0.9992,0.9952,1,0.997,1,0.9932,0.999,1,1,0.8846,0.9948,NA,NA,NA,NA,NA,NA,NA,NA,NA,NA,NA,NA,NA,NA,NA,NA,NA,NA,NA,NA,NA,NA,NA,NA,NA,NA
"bak2016_stable",5,25,80.75,0,0.212,0.1032,0.0992,0.1062,0.0562,0.0584,0.523,0.0618,0.2098,0.1214,0.0552,0.0558,0.1866,0.136,0.0932,0.073,0.0746,0.0594,0.6414,0.0578,0.0812,0.0636,0.0534,0.0546,0.082,0.1226,0.0704,0.0532,0.063,0.0426,NA,NA,NA,NA,NA,NA,NA,NA,NA,NA,NA,NA,NA,NA,NA,NA,NA,NA,NA,NA,NA,NA,NA,NA,NA,NA
"bak2016_stable",5,50,91.31,2e-04,0.4036,0.3432,0.166,0.2148,0.0722,0.0814,0.8512,0.0582,0.5864,0.2192,0.0528,0.058,0.363,0.2744,0.178,0.1906,0.087,0.0678,0.9526,0.0816,0.1342,0.0744,0.102,0.0532,0.1074,0.232,0.0854,0.052,0.0722,0.0592,NA,NA,NA,NA,NA,NA,NA,NA,NA,NA,NA,NA,NA,NA,NA,NA,NA,NA,NA,NA,NA,NA,NA,NA,NA,NA
"bak2016_stable",5,75,128.54,0.0206,0.5722,0.5334,0.2456,0.3058,0.0738,0.0978,0.9644,0.0604,0.8236,0.3238,0.0554,0.058,0.5262,0.3962,0.2536,0.3436,0.1148,0.069,0.996,0.0972,0.185,0.077,0.1862,0.0512,0.1198,0.341,0.1008,0.0494,0.0784,0.0972,NA,NA,NA,NA,NA,NA,NA,NA,NA,NA,NA,NA,NA,NA,NA,NA,NA,NA,NA,NA,NA,NA,NA,NA,NA,NA
"bak2016_stable",5,100,128.46,0.136,0.7,0.7166,0.317,0.418,0.087,0.1106,0.9916,0.068,0.9322,0.4312,0.0546,0.0606,0.6438,0.5424,0.3256,0.4686,0.1428,0.0778,0.9994,0.1214,0.2348,0.087,0.2648,0.057,0.1492,0.4414,0.1218,0.0518,0.0872,0.1246,NA,NA,NA,NA,NA,NA,NA,NA,NA,NA,NA,NA,NA,NA,NA,NA,NA,NA,NA,NA,NA,NA,NA,NA,NA,NA
"bak2016_stable",5,125,126.62,0.3226,0.7914,0.816,0.371,0.5126,0.0876,0.136,0.9984,0.0708,0.9768,0.5194,0.0532,0.0558,0.7512,0.6376,0.4066,0.5828,0.1628,0.0816,0.9998,0.1278,0.2804,0.1044,0.3238,0.0508,0.1704,0.5442,0.1364,0.051,0.093,0.1712,NA,NA,NA,NA,NA,NA,NA,NA,NA,NA,NA,NA,NA,NA,NA,NA,NA,NA,NA,NA,NA,NA,NA,NA,NA,NA
"bak2016_stable",5,150,126.49,0.6058,0.8598,0.8894,0.4272,0.5842,0.0968,0.151,0.9998,0.0752,0.9908,0.5922,0.0502,0.0638,0.819,0.7062,0.4712,0.6852,0.1728,0.0918,1,0.1546,0.3442,0.1144,0.4048,0.061,0.2034,0.6218,0.1644,0.0482,0.0996,0.2024,NA,NA,NA,NA,NA,NA,NA,NA,NA,NA,NA,NA,NA,NA,NA,NA,NA,NA,NA,NA,NA,NA,NA,NA,NA,NA
"bak2016_stable",5,175,130.62,0.7684,0.907,0.9372,0.5018,0.6534,0.1042,0.176,1,0.0788,0.9974,0.6768,0.0466,0.0602,0.8812,0.7882,0.5402,0.756,0.195,0.1036,1,0.1644,0.3864,0.1318,0.4682,0.0678,0.2264,0.6888,0.1706,0.0494,0.1242,0.2392,NA,NA,NA,NA,NA,NA,NA,NA,NA,NA,NA,NA,NA,NA,NA,NA,NA,NA,NA,NA,NA,NA,NA,NA,NA,NA
"bak2016_stable",5,200,132.67,0.898,0.9438,0.9666,0.554,0.7158,0.1208,0.197,1,0.088,0.9996,0.738,0.0502,0.0608,0.9272,0.8536,0.6044,0.8248,0.2324,0.0952,1,0.1884,0.4476,0.1376,0.533,0.0698,0.2564,0.7494,0.2022,0.0478,0.1172,0.2706,NA,NA,NA,NA,NA,NA,NA,NA,NA,NA,NA,NA,NA,NA,NA,NA,NA,NA,NA,NA,NA,NA,NA,NA,NA,NA
"bak2016_stable",5,225,130.58,0.9882,0.9634,0.9816,0.604,0.7626,0.1314,0.2064,1,0.0878,1,0.779,0.054,0.0652,0.9506,0.8832,0.6436,0.875,0.255,0.1106,1,0.2062,0.4888,0.1562,0.596,0.0688,0.2814,0.8136,0.219,0.052,0.138,0.3036,NA,NA,NA,NA,NA,NA,NA,NA,NA,NA,NA,NA,NA,NA,NA,NA,NA,NA,NA,NA,NA,NA,NA,NA,NA,NA
"bak2016_stable",5,250,135.15,0.9662,0.9746,0.9922,0.651,0.8178,0.144,0.2348,1,0.0878,1,0.8388,0.05,0.0612,0.9626,0.9152,0.6928,0.9128,0.2756,0.1218,1,0.2254,0.5078,0.1578,0.6468,0.0662,0.3016,0.8524,0.2288,0.0504,0.1326,0.3548,NA,NA,NA,NA,NA,NA,NA,NA,NA,NA,NA,NA,NA,NA,NA,NA,NA,NA,NA,NA,NA,NA,NA,NA,NA,NA
"bak2016_stable",5,300,102.6,0.9998,0.99,0.9974,0.7378,0.882,0.1554,0.2812,1,0.1034,1,0.8944,0.049,0.072,0.9874,0.9532,0.779,0.9504,0.3298,0.1322,1,0.2628,0.6022,0.1862,0.731,0.0718,0.3504,0.9068,0.2784,0.0494,0.1648,0.404,NA,NA,NA,NA,NA,NA,NA,NA,NA,NA,NA,NA,NA,NA,NA,NA,NA,NA,NA,NA,NA,NA,NA,NA,NA,NA
"bak2016_stable",5,400,84.23,1,0.9988,0.9998,0.85,0.9542,0.192,0.3414,1,0.1198,1,0.9554,0.0492,0.0782,0.9984,0.9868,0.8894,0.9882,0.3972,0.1666,1,0.336,0.7166,0.2286,0.851,0.0784,0.4596,0.9654,0.3474,0.0496,0.1996,0.5284,NA,NA,NA,NA,NA,NA,NA,NA,NA,NA,NA,NA,NA,NA,NA,NA,NA,NA,NA,NA,NA,NA,NA,NA,NA,NA
"bak2016_stable",5,500,84.05,1,0.9998,1,0.921,0.9852,0.232,0.4156,1,0.145,1,0.985,0.0604,0.082,0.9996,0.9984,0.9484,0.9972,0.482,0.1936,1,0.4068,0.8122,0.273,0.9234,0.085,0.5368,0.989,0.4332,0.052,0.2414,0.6354,NA,NA,NA,NA,NA,NA,NA,NA,NA,NA,NA,NA,NA,NA,NA,NA,NA,NA,NA,NA,NA,NA,NA,NA,NA,NA
"bak2016_stable_minus1se",5,25,81.27,0,0.2148,0.0768,0.07,0.0738,0.0512,0.0504,0.5216,0.0522,0.1686,0.0834,0.0526,0.0512,0.1922,0.0924,0.0698,0.0516,0.0524,0.05,0.6678,0.0514,0.055,0.0528,0.0428,0.0504,0.0754,0.0938,0.0558,0.0532,0.0558,0.0466,NA,NA,NA,NA,NA,NA,NA,NA,NA,NA,NA,NA,NA,NA,NA,NA,NA,NA,NA,NA,NA,NA,NA,NA,NA,NA
"bak2016_stable_minus1se",5,50,81.54,0,0.4102,0.2352,0.0912,0.1364,0.0472,0.0512,0.8588,0.0544,0.4856,0.1416,0.0574,0.0432,0.364,0.183,0.0896,0.1198,0.0588,0.0474,0.9568,0.0546,0.076,0.0484,0.0732,0.052,0.1022,0.146,0.0524,0.0494,0.0532,0.036,NA,NA,NA,NA,NA,NA,NA,NA,NA,NA,NA,NA,NA,NA,NA,NA,NA,NA,NA,NA,NA,NA,NA,NA,NA,NA
"bak2016_stable_minus1se",5,75,81.66,0.008,0.5926,0.3786,0.128,0.179,0.0474,0.0562,0.9686,0.047,0.721,0.1768,0.0492,0.047,0.5324,0.2516,0.1358,0.2004,0.0552,0.0466,0.996,0.0558,0.0964,0.0544,0.0994,0.052,0.1248,0.202,0.053,0.049,0.0554,0.0538,NA,NA,NA,NA,NA,NA,NA,NA,NA,NA,NA,NA,NA,NA,NA,NA,NA,NA,NA,NA,NA,NA,NA,NA,NA,NA
"bak2016_stable_minus1se",5,100,80.72,0.0812,0.7162,0.532,0.1692,0.2282,0.0516,0.0528,0.9944,0.0522,0.8574,0.2384,0.0504,0.045,0.6646,0.3316,0.1852,0.2702,0.0654,0.0532,0.9992,0.0612,0.122,0.0454,0.1334,0.0458,0.156,0.261,0.0578,0.0512,0.0492,0.0604,NA,NA,NA,NA,NA,NA,NA,NA,NA,NA,NA,NA,NA,NA,NA,NA,NA,NA,NA,NA,NA,NA,NA,NA,NA,NA
"bak2016_stable_minus1se",5,125,82.58,0.2842,0.8086,0.6466,0.1892,0.288,0.0492,0.0538,0.9984,0.05,0.9334,0.2828,0.0516,0.0468,0.7648,0.4192,0.2124,0.3668,0.067,0.0514,1,0.0598,0.138,0.0532,0.1662,0.0506,0.1758,0.3154,0.0624,0.0504,0.0516,0.0696,NA,NA,NA,NA,NA,NA,NA,NA,NA,NA,NA,NA,NA,NA,NA,NA,NA,NA,NA,NA,NA,NA,NA,NA,NA,NA
"bak2016_stable_minus1se",5,150,82.39,0.5158,0.871,0.7418,0.2132,0.3338,0.0484,0.0582,1,0.0486,0.9684,0.3562,0.0558,0.0474,0.8458,0.4838,0.2522,0.4418,0.0718,0.0474,1,0.06,0.1522,0.0516,0.1988,0.0512,0.2076,0.3834,0.0632,0.0486,0.0492,0.0646,NA,NA,NA,NA,NA,NA,NA,NA,NA,NA,NA,NA,NA,NA,NA,NA,NA,NA,NA,NA,NA,NA,NA,NA,NA,NA
"bak2016_stable_minus1se",5,175,82.1,0.7792,0.923,0.8158,0.2428,0.3954,0.0464,0.0536,1,0.0552,0.9852,0.3964,0.0506,0.049,0.8896,0.557,0.2898,0.5184,0.0738,0.0476,1,0.0598,0.1792,0.0548,0.2434,0.0504,0.2326,0.4318,0.0612,0.0532,0.0548,0.0762,NA,NA,NA,NA,NA,NA,NA,NA,NA,NA,NA,NA,NA,NA,NA,NA,NA,NA,NA,NA,NA,NA,NA,NA,NA,NA
"bak2016_stable_minus1se",5,200,81.11,0.8536,0.947,0.8686,0.2844,0.4302,0.0514,0.0584,1,0.052,0.9948,0.4466,0.0434,0.0526,0.9324,0.613,0.3242,0.585,0.0868,0.0478,1,0.0558,0.185,0.0446,0.281,0.049,0.256,0.4908,0.0702,0.0512,0.0492,0.0792,NA,NA,NA,NA,NA,NA,NA,NA,NA,NA,NA,NA,NA,NA,NA,NA,NA,NA,NA,NA,NA,NA,NA,NA,NA,NA
"bak2016_stable_minus1se",5,225,80.99,0.9874,0.9698,0.9076,0.303,0.4852,0.052,0.0602,1,0.0476,0.9984,0.4942,0.0492,0.0548,0.949,0.6536,0.3556,0.6362,0.0884,0.0512,1,0.062,0.2048,0.048,0.3032,0.052,0.284,0.5292,0.072,0.0486,0.05,0.0958,NA,NA,NA,NA,NA,NA,NA,NA,NA,NA,NA,NA,NA,NA,NA,NA,NA,NA,NA,NA,NA,NA,NA,NA,NA,NA
"bak2016_stable_minus1se",5,250,82.17,0.9964,0.9812,0.9356,0.3426,0.5176,0.0548,0.0608,1,0.051,0.9986,0.5304,0.0494,0.0506,0.9718,0.7038,0.3986,0.6882,0.09,0.0494,1,0.063,0.2312,0.052,0.3382,0.049,0.3036,0.5822,0.0738,0.0462,0.0494,0.0934,NA,NA,NA,NA,NA,NA,NA,NA,NA,NA,NA,NA,NA,NA,NA,NA,NA,NA,NA,NA,NA,NA,NA,NA,NA,NA
"bak2016_stable_minus1se",5,300,82.88,0.9974,0.9906,0.9706,0.3944,0.6042,0.0526,0.0702,1,0.0524,0.9998,0.6078,0.0486,0.0496,0.9888,0.7858,0.4614,0.7746,0.1004,0.046,1,0.0754,0.2666,0.0492,0.3988,0.0536,0.3818,0.6528,0.0778,0.0524,0.0544,0.1098,NA,NA,NA,NA,NA,NA,NA,NA,NA,NA,NA,NA,NA,NA,NA,NA,NA,NA,NA,NA,NA,NA,NA,NA,NA,NA
"bak2016_stable_minus1se",5,400,82.86,1,1,0.995,0.5114,0.7306,0.0526,0.0684,1,0.0472,1,0.7456,0.0518,0.0526,0.999,0.8926,0.5778,0.8796,0.1114,0.0488,1,0.0816,0.3306,0.0552,0.5344,0.0488,0.467,0.7816,0.0842,0.0498,0.0506,0.144,NA,NA,NA,NA,NA,NA,NA,NA,NA,NA,NA,NA,NA,NA,NA,NA,NA,NA,NA,NA,NA,NA,NA,NA,NA,NA
"bak2016_stable_minus1se",5,500,84.08,1,1,0.9992,0.6078,0.8182,0.0476,0.0746,1,0.052,1,0.8332,0.047,0.048,0.9996,0.9438,0.6662,0.953,0.1254,0.049,1,0.0876,0.396,0.048,0.6386,0.0464,0.5372,0.873,0.0934,0.0512,0.0544,0.1788,NA,NA,NA,NA,NA,NA,NA,NA,NA,NA,NA,NA,NA,NA,NA,NA,NA,NA,NA,NA,NA,NA,NA,NA,NA,NA
"bak2016_stable_plus1se",5,25,83.44,0,0.1732,0.1484,0.1302,0.156,0.0806,0.0858,0.512,0.0662,0.2678,0.155,0.0642,0.0752,0.1702,0.1832,0.1374,0.1002,0.0984,0.0722,0.6142,0.087,0.1124,0.0812,0.0622,0.0656,0.072,0.169,0.0914,0.0568,0.0912,0.0492,NA,NA,NA,NA,NA,NA,NA,NA,NA,NA,NA,NA,NA,NA,NA,NA,NA,NA,NA,NA,NA,NA,NA,NA,NA,NA
"bak2016_stable_plus1se",5,50,81.81,2e-04,0.3614,0.4554,0.2756,0.3352,0.1268,0.1402,0.8324,0.0886,0.6954,0.3484,0.0652,0.0968,0.3204,0.4028,0.2688,0.3076,0.1614,0.1084,0.9286,0.1378,0.2212,0.1336,0.1724,0.0972,0.1012,0.3496,0.16,0.0634,0.1236,0.1136,NA,NA,NA,NA,NA,NA,NA,NA,NA,NA,NA,NA,NA,NA,NA,NA,NA,NA,NA,NA,NA,NA,NA,NA,NA,NA
"bak2016_stable_plus1se",5,75,81.26,0.008,0.509,0.7126,0.3822,0.5096,0.1594,0.211,0.9582,0.1136,0.9044,0.5094,0.079,0.1106,0.4566,0.5952,0.396,0.5136,0.2106,0.1524,0.9924,0.1916,0.3268,0.1674,0.3086,0.1166,0.1204,0.5194,0.2076,0.069,0.1526,0.2068,NA,NA,NA,NA,NA,NA,NA,NA,NA,NA,NA,NA,NA,NA,NA,NA,NA,NA,NA,NA,NA,NA,NA,NA,NA,NA
"bak2016_stable_plus1se",5,100,81.9,0.1168,0.6376,0.8592,0.5008,0.6314,0.1874,0.267,0.991,0.1542,0.9728,0.6382,0.0794,0.1486,0.5828,0.741,0.5168,0.6794,0.27,0.1864,0.999,0.2474,0.417,0.2058,0.4372,0.1488,0.1464,0.6546,0.2558,0.088,0.1942,0.284,NA,NA,NA,NA,NA,NA,NA,NA,NA,NA,NA,NA,NA,NA,NA,NA,NA,NA,NA,NA,NA,NA,NA,NA,NA,NA
"bak2016_stable_plus1se",5,125,83.11,0.24,0.7466,0.9324,0.6078,0.7526,0.2238,0.321,0.9984,0.166,0.9948,0.7456,0.0902,0.1594,0.6974,0.8372,0.6232,0.7974,0.3304,0.2258,1,0.3028,0.5008,0.2512,0.5538,0.157,0.1598,0.7632,0.297,0.09,0.221,0.3844,NA,NA,NA,NA,NA,NA,NA,NA,NA,NA,NA,NA,NA,NA,NA,NA,NA,NA,NA,NA,NA,NA,NA,NA,NA,NA
"bak2016_stable_plus1se",5,150,82.23,0.5812,0.824,0.9734,0.68,0.8186,0.2576,0.3906,0.999,0.1932,0.9984,0.8258,0.1006,0.1882,0.781,0.8968,0.7098,0.8748,0.3926,0.2566,1,0.3614,0.5934,0.2906,0.6372,0.1854,0.1936,0.8292,0.3654,0.1042,0.2618,0.4576,NA,NA,NA,NA,NA,NA,NA,NA,NA,NA,NA,NA,NA,NA,NA,NA,NA,NA,NA,NA,NA,NA,NA,NA,NA,NA
"bak2016_stable_plus1se",5,175,81.8,0.7502,0.882,0.987,0.7562,0.8794,0.2896,0.4436,1,0.2256,1,0.8794,0.1048,0.2052,0.8478,0.94,0.793,0.9246,0.4492,0.3058,1,0.4094,0.6612,0.3428,0.7182,0.2,0.2052,0.893,0.4118,0.1124,0.3112,0.5428,NA,NA,NA,NA,NA,NA,NA,NA,NA,NA,NA,NA,NA,NA,NA,NA,NA,NA,NA,NA,NA,NA,NA,NA,NA,NA
"bak2016_stable_plus1se",5,200,80.91,0.8306,0.9122,0.9968,0.8,0.9194,0.323,0.4962,0.9998,0.2574,1,0.9256,0.1146,0.2202,0.8816,0.9644,0.833,0.9584,0.4962,0.345,1,0.465,0.7102,0.363,0.7902,0.2356,0.2406,0.933,0.455,0.121,0.3334,0.605,NA,NA,NA,NA,NA,NA,NA,NA,NA,NA,NA,NA,NA,NA,NA,NA,NA,NA,NA,NA,NA,NA,NA,NA,NA,NA
"bak2016_stable_plus1se",5,225,81.03,0.9626,0.9482,0.9984,0.8654,0.9482,0.365,0.5494,1,0.2718,1,0.9482,0.1294,0.251,0.9262,0.9774,0.878,0.9742,0.553,0.3628,1,0.51,0.7716,0.4208,0.8366,0.265,0.2616,0.952,0.5058,0.1354,0.368,0.6712,NA,NA,NA,NA,NA,NA,NA,NA,NA,NA,NA,NA,NA,NA,NA,NA,NA,NA,NA,NA,NA,NA,NA,NA,NA,NA
"bak2016_stable_plus1se",5,250,81.14,0.9874,0.958,0.9994,0.8912,0.9636,0.4012,0.6036,1,0.3136,1,0.9654,0.1308,0.2784,0.947,0.9872,0.914,0.986,0.596,0.4048,1,0.554,0.8144,0.4618,0.8702,0.2822,0.2842,0.9712,0.5568,0.1474,0.3918,0.7232,NA,NA,NA,NA,NA,NA,NA,NA,NA,NA,NA,NA,NA,NA,NA,NA,NA,NA,NA,NA,NA,NA,NA,NA,NA,NA
"bak2016_stable_plus1se",5,300,82.53,0.997,0.9838,0.9998,0.9356,0.986,0.4612,0.6848,1,0.3626,1,0.9874,0.1538,0.3302,0.9746,0.9964,0.9526,0.9972,0.679,0.4608,1,0.6312,0.872,0.535,0.9352,0.3378,0.329,0.9896,0.6182,0.1744,0.4624,0.806,NA,NA,NA,NA,NA,NA,NA,NA,NA,NA,NA,NA,NA,NA,NA,NA,NA,NA,NA,NA,NA,NA,NA,NA,NA,NA
"bak2016_stable_plus1se",5,400,83.26,1,0.9974,1,0.9846,0.9968,0.5752,0.808,1,0.4482,1,0.9976,0.1828,0.3896,0.9928,0.9996,0.9848,0.9996,0.802,0.5936,1,0.7434,0.954,0.6386,0.9828,0.4196,0.4118,0.999,0.746,0.2224,0.5822,0.9188,NA,NA,NA,NA,NA,NA,NA,NA,NA,NA,NA,NA,NA,NA,NA,NA,NA,NA,NA,NA,NA,NA,NA,NA,NA,NA
"bak2016_stable_plus1se",5,500,83.84,1,1,1,0.9964,0.9994,0.6696,0.8904,1,0.5544,1,0.9994,0.224,0.4746,0.9996,1,0.997,1,0.8792,0.6914,1,0.849,0.9838,0.7462,0.995,0.4902,0.493,0.9998,0.8358,0.2522,0.6744,0.961,NA,NA,NA,NA,NA,NA,NA,NA,NA,NA,NA,NA,NA,NA,NA,NA,NA,NA,NA,NA,NA,NA,NA,NA,NA,NA
"epskamp",7,25,158.9,0.037,0.056,0,0,0,0,0,0.052,0,0,0,0,0,0.0752,0,0,0,0,0,0.066,0,0,0,0,0,0.0664,0,0,0,0,0.1246,0,0,0,0,0,0.206,0,0,0,0,0.0662,0,0,0,0,0,0.0746,0.061,0.0692,0,0,0,0,0,0.0626,1
"epskamp",7,50,179.04,0.2648,0.0548,0,0,0,0,0,0.052,0,0,0,0,0,0.113,0,0,0,0,0,0.0828,0,0,0,0,0,0.0662,0,0,0,0,0.3208,0,0,0,0,0,0.4366,0,0,0,0,0.069,0,0,0,0,0,0.19,0.076,0.0832,0,0,0,0,0,0.0894,1
"epskamp",7,75,180.56,0.5306,0.0528,0,0,0,0,0,0.062,0,0,0,0,0,0.1404,0,0,0,0,0,0.0948,0,0,0,0,0,0.0912,0,0,0,0,0.4786,0,0,0,0,0,0.6288,0,0,0,0,0.0906,0,0,0,0,0,0.3066,0.0942,0.0912,0,0,0,0,0,0.123,1
"epskamp",7,100,179.44,0.7178,0.0594,0,0,0,0,0,0.057,0,0,0,0,0,0.18,0,0,0,0,0,0.112,0,0,0,0,0,0.1006,0,0,0,0,0.6356,0,0,0,0,0,0.7656,0,0,0,0,0.1016,0,0,0,0,0,0.4222,0.1,0.111,0,0,0,0,0,0.1574,1
"epskamp",7,125,120.98,0.7704,0.061,0,0,0,0,0,0.0616,0,0,0,0,0,0.2096,0,0,0,0,0,0.1236,0,0,0,0,0,0.1022,0,0,0,0,0.7298,0,0,0,0,0,0.857,0,0,0,0,0.1214,0,0,0,0,0,0.5198,0.1184,0.1318,0,0,0,0,0,0.199,1
"epskamp",7,150,106.98,0.848,0.059,0,0,0,0,0,0.0684,0,0,0,0,0,0.2486,0,0,0,0,0,0.1514,0,0,0,0,0,0.1224,0,0,0,0,0.8116,0,0,0,0,0,0.9136,0,0,0,0,0.1204,0,0,0,0,0,0.5998,0.1374,0.142,0,0,0,0,0,0.2278,1
"epskamp",7,175,108.96,0.9064,0.0644,0,0,0,0,0,0.0696,0,0,0,0,0,0.282,0,0,0,0,0,0.17,0,0,0,0,0,0.1262,0,0,0,0,0.875,0,0,0,0,0,0.9442,0,0,0,0,0.133,0,0,0,0,0,0.6944,0.1498,0.165,0,0,0,0,0,0.2626,1
"epskamp",7,200,109.8,0.9656,0.0628,0,0,0,0,0,0.0686,0,0,0,0,0,0.3092,0,0,0,0,0,0.179,0,0,0,0,0,0.1408,0,0,0,0,0.9188,0,0,0,0,0,0.972,0,0,0,0,0.1452,0,0,0,0,0,0.7514,0.1678,0.1678,0,0,0,0,0,0.2928,1
"epskamp",7,225,110.73,0.954,0.0688,0,0,0,0,0,0.068,0,0,0,0,0,0.3536,0,0,0,0,0,0.1864,0,0,0,0,0,0.1534,0,0,0,0,0.9502,0,0,0,0,0,0.9874,0,0,0,0,0.1742,0,0,0,0,0,0.7992,0.1782,0.197,0,0,0,0,0,0.341,1
"epskamp",7,250,111.13,0.9762,0.0676,0,0,0,0,0,0.0722,0,0,0,0,0,0.3718,0,0,0,0,0,0.215,0,0,0,0,0,0.1646,0,0,0,0,0.96,0,0,0,0,0,0.9916,0,0,0,0,0.1788,0,0,0,0,0,0.8394,0.2008,0.1974,0,0,0,0,0,0.355,1
"epskamp",7,300,118.86,0.9928,0.0722,0,0,0,0,0,0.075,0,0,0,0,0,0.4444,0,0,0,0,0,0.248,0,0,0,0,0,0.1938,0,0,0,0,0.9836,0,0,0,0,0,0.9974,0,0,0,0,0.2096,0,0,0,0,0,0.9002,0.2284,0.2444,0,0,0,0,0,0.4244,1
"epskamp",7,400,123.74,0.9962,0.0864,0,0,0,0,0,0.0938,0,0,0,0,0,0.5618,0,0,0,0,0,0.3294,0,0,0,0,0,0.2362,0,0,0,0,0.9978,0,0,0,0,0,0.9996,0,0,0,0,0.2654,0,0,0,0,0,0.9576,0.2848,0.3082,0,0,0,0,0,0.537,1
"epskamp",7,500,121.04,0.9994,0.0938,0,0,0,0,0,0.0944,0,0,0,0,0,0.6456,0,0,0,0,0,0.381,0,0,0,0,0,0.2744,0,0,0,0,0.9994,0,0,0,0,0,1,0,0,0,0,0.315,0,0,0,0,0,0.9906,0.3332,0.374,0,0,0,0,0,0.6568,1
